"Weekly Wyoming Unemployment Insurance Claims by County of Claimant Residence, 2019-2020",,,,,,
"Week ending April 18, 2020, is referred to as 2020 Week 16. ",,,,,,
"Updated April 23, 2020. ",,,,,,
,,,,,,
County,Year,Week,Week Ending,Employers,Initial Claims,Continued Claims
 Total,2020,16,18/4/2020,"4,575","3,294","15,735"
 Total,2020,15,11/4/2020,"4,505","5,686","12,698"
 Total,2020,14,4/4/2020,"4,164","6,529","9,196"
 Total,2020,13,28/3/2020,"3,454","6,275","5,725"
 Total,2020,12,21/3/2020,"2,414","3,731","3,935"
 Total,2020,11,14/3/2020,"1,680",504,"3,983"
 Total,2020,10,7/3/2020,"1,670",522,"4,123"
 Total,2020,9,29/2/2020,"1,695",463,"4,153"
 Total,2020,8,22/2/2020,"1,707",377,"4,269"
 Total,2020,7,15/2/2020,"1,754",597,"4,377"
 Total,2020,6,8/2/2020,"1,699",587,"4,156"
 Total,2020,5,1/2/2020,"1,706",538,"4,132"
 Total,2020,4,25/1/2020,"1,683",538,"4,057"
 Total,2020,3,18/1/2020,"1,656",643,"4,032"
 Total,2020,2,11/1/2020,"1,628",839,"3,955"
 Total,2020,1,4/1/2020,"1,559",646,"3,808"
 Total,2019,52,28/12/2019,"1,447",630,"3,379"
 Total,2019,51,21/12/2019,"1,503",625,"3,425"
 Total,2019,50,14/12/2019,"1,462",545,"3,438"
 Total,2019,49,7/12/2019,"1,491",758,"3,407"
 Total,2019,48,30/11/2019,"1,334",580,"3,071"
 Total,2019,47,23/11/2019,"1,345",610,"2,920"
 Total,2019,46,16/11/2019,"1,290",531,"2,691"
 Total,2019,45,9/11/2019,"1,291",801,"2,438"
 Total,2019,44,2/11/2019,"1,178",763,"2,023"
 Total,2019,43,26/10/2019,"1,004",397,"1,822"
 Total,2019,42,19/10/2019,"1,056",504,"1,777"
 Total,2019,41,12/10/2019,"1,018",467,"1,668"
 Total,2019,40,5/10/2019,"1,021",425,"1,624"
 Total,2019,39,28/9/2019,954,297,"1,561"
 Total,2019,38,21/9/2019,922,271,"1,531"
 Total,2019,37,14/9/2019,933,240,"1,539"
 Total,2019,36,7/9/2019,911,213,"1,576"
 Total,2019,35,31/8/2019,916,222,"1,647"
 Total,2019,34,24/8/2019,936,232,"1,771"
 Total,2019,33,17/8/2019,920,218,"1,828"
 Total,2019,32,10/8/2019,895,200,"1,887"
 Total,2019,31,3/8/2019,933,177,"1,965"
 Total,2019,30,27/7/2019,913,165,"2,046"
 Total,2019,29,20/7/2019,946,242,"2,077"
 Total,2019,28,13/7/2019,947,447,"1,851"
 Total,2019,27,6/7/2019,910,429,"1,640"
 Total,2019,26,29/6/2019,967,241,"1,754"
 Total,2019,25,22/6/2019,960,252,"1,711"
 Total,2019,24,15/6/2019,977,296,"1,730"
 Total,2019,23,8/6/2019,"1,065",379,"1,776"
 Total,2019,22,1/6/2019,"1,105",424,"1,858"
 Total,2019,21,25/5/2019,874,229,"1,395"
 Total,2019,20,18/5/2019,"1,133",194,"2,002"
 Total,2019,19,11/5/2019,"1,222",261,"2,262"
 Total,2019,18,4/5/2019,"1,291",319,"2,416"
 Total,2019,17,27/4/2019,"1,309",282,"2,551"
 Total,2019,16,20/4/2019,"1,407",351,"2,758"
 Total,2019,15,13/4/2019,"1,457",600,"2,687"
 Total,2019,14,6/4/2019,"1,520",341,"3,005"
 Total,2019,13,30/3/2019,"1,549",292,"3,175"
 Total,2019,12,23/3/2019,"1,619",350,"3,338"
 Total,2019,11,16/3/2019,"1,601",316,"3,428"
 Total,2019,10,9/3/2019,"1,653",347,"3,519"
 Total,2019,9,2/3/2019,"1,672",335,"3,645"
 Total,2019,8,23/2/2019,"1,650",381,"3,620"
 Total,2019,7,16/2/2019,"1,628",345,"3,678"
 Total,2019,6,9/2/2019,"1,641",394,"3,678"
 Total,2019,5,2/2/2019,"1,659",431,"3,869"
 Total,2019,4,26/1/2019,"1,640",486,"3,947"
 Total,2019,3,19/1/2019,"1,623",574,"3,846"
 Total,2019,2,12/1/2019,"1,645","1,033","3,597"
 Total,2019,1,5/1/2019,"1,508",596,"3,388"
Albany,2020,16,18/4/2020,223,122,456
Albany,2020,15,11/4/2020,224,218,376
Albany,2020,14,4/4/2020,204,288,241
Albany,2020,13,28/3/2020,166,270,139
Albany,2020,12,21/3/2020,103,128,92
Albany,2020,11,14/3/2020,59,14,95
Albany,2020,10,7/3/2020,58,13,101
Albany,2020,9,29/2/2020,57,12,98
Albany,2020,8,22/2/2020,60,13,109
Albany,2020,7,15/2/2020,66,18,108
Albany,2020,6,8/2/2020,59,16,99
Albany,2020,5,1/2/2020,66,7,111
Albany,2020,4,25/1/2020,63,13,105
Albany,2020,3,18/1/2020,66,20,99
Albany,2020,2,11/1/2020,71,24,112
Albany,2020,1,4/1/2020,74,21,111
Albany,2019,52,28/12/2019,58,30,81
Albany,2019,51,21/12/2019,62,22,78
Albany,2019,50,14/12/2019,55,13,79
Albany,2019,49,7/12/2019,60,27,68
Albany,2019,48,30/11/2019,47,15,58
Albany,2019,47,23/11/2019,46,21,51
Albany,2019,46,16/11/2019,44,16,44
Albany,2019,45,9/11/2019,44,16,42
Albany,2019,44,2/11/2019,38,8,39
Albany,2019,43,26/10/2019,30,6,33
Albany,2019,42,19/10/2019,40,7,38
Albany,2019,41,12/10/2019,34,8,32
Albany,2019,40,5/10/2019,34,6,34
Albany,2019,39,28/9/2019,37,6,40
Albany,2019,38,21/9/2019,36,7,39
Albany,2019,37,14/9/2019,36,6,39
Albany,2019,36,7/9/2019,32,8,36
Albany,2019,35,31/8/2019,,,
Albany,2019,34,24/8/2019,37,9,49
Albany,2019,33,17/8/2019,33,7,50
Albany,2019,32,10/8/2019,38,5,57
Albany,2019,31,3/8/2019,,,
Albany,2019,30,27/7/2019,37,7,59
Albany,2019,29,20/7/2019,41,8,63
Albany,2019,28,13/7/2019,40,6,62
Albany,2019,27,6/7/2019,,,
Albany,2019,26,29/6/2019,47,5,73
Albany,2019,25,22/6/2019,46,12,67
Albany,2019,24,15/6/2019,48,14,64
Albany,2019,23,8/6/2019,48,30,42
Albany,2019,22,1/6/2019,49,12,49
Albany,2019,21,25/5/2019,,,
Albany,2019,20,18/5/2019,,,
Albany,2019,19,11/5/2019,42,10,47
Albany,2019,18,4/5/2019,51,6,60
Albany,2019,17,27/4/2019,,,
Albany,2019,16,20/4/2019,,,
Albany,2019,15,13/4/2019,63,12,77
Albany,2019,14,6/4/2019,66,9,93
Albany,2019,13,30/3/2019,64,8,99
Albany,2019,12,23/3/2019,73,15,103
Albany,2019,11,16/3/2019,64,7,97
Albany,2019,10,9/3/2019,68,6,102
Albany,2019,9,2/3/2019,79,11,122
Albany,2019,8,23/2/2019,88,13,122
Albany,2019,7,16/2/2019,78,14,120
Albany,2019,6,9/2/2019,77,8,122
Albany,2019,5,2/2/2019,74,11,125
Albany,2019,4,26/1/2019,74,13,133
Albany,2019,3,19/1/2019,77,21,133
Albany,2019,2,12/1/2019,80,38,131
Albany,2019,1,5/1/2019,75,24,128
Big Horn,2020,16,18/4/2020,82,24,129
Big Horn,2020,15,11/4/2020,88,46,129
Big Horn,2020,14,4/4/2020,82,53,108
Big Horn,2020,13,28/3/2020,64,34,87
Big Horn,2020,12,21/3/2020,53,33,70
Big Horn,2020,11,14/3/2020,39,6,77
Big Horn,2020,10,7/3/2020,38,9,77
Big Horn,2020,9,29/2/2020,39,6,81
Big Horn,2020,8,22/2/2020,,,
Big Horn,2020,7,15/2/2020,40,12,82
Big Horn,2020,6,8/2/2020,37,10,75
Big Horn,2020,5,1/2/2020,41,7,78
Big Horn,2020,4,25/1/2020,44,13,72
Big Horn,2020,3,18/1/2020,43,17,71
Big Horn,2020,2,11/1/2020,38,20,58
Big Horn,2020,1,4/1/2020,33,13,51
Big Horn,2019,52,28/12/2019,30,18,36
Big Horn,2019,51,21/12/2019,31,8,35
Big Horn,2019,50,14/12/2019,28,5,34
Big Horn,2019,49,7/12/2019,32,12,33
Big Horn,2019,48,30/11/2019,25,9,22
Big Horn,2019,47,23/11/2019,27,10,28
Big Horn,2019,46,16/11/2019,,,
Big Horn,2019,45,9/11/2019,24,7,25
Big Horn,2019,44,2/11/2019,18,5,19
Big Horn,2019,43,26/10/2019,12,5,12
Big Horn,2019,42,19/10/2019,,,
Big Horn,2019,41,12/10/2019,19,5,17
Big Horn,2019,40,5/10/2019,20,7,14
Big Horn,2019,39,28/9/2019,14,6,8
Big Horn,2019,38,21/9/2019,,,
Big Horn,2019,37,14/9/2019,,,
Big Horn,2019,36,7/9/2019,,,
Big Horn,2019,35,31/8/2019,,,
Big Horn,2019,34,24/8/2019,,,
Big Horn,2019,33,17/8/2019,,,
Big Horn,2019,32,10/8/2019,,,
Big Horn,2019,31,3/8/2019,,,
Big Horn,2019,30,27/7/2019,,,
Big Horn,2019,29,20/7/2019,,,
Big Horn,2019,28,13/7/2019,15,6,25
Big Horn,2019,27,6/7/2019,,,
Big Horn,2019,26,29/6/2019,,,
Big Horn,2019,25,22/6/2019,,,
Big Horn,2019,24,15/6/2019,,,
Big Horn,2019,23,8/6/2019,21,9,29
Big Horn,2019,22,1/6/2019,,,
Big Horn,2019,21,25/5/2019,,,
Big Horn,2019,20,18/5/2019,27,0,45
Big Horn,2019,19,11/5/2019,,,
Big Horn,2019,18,4/5/2019,32,5,53
Big Horn,2019,17,27/4/2019,,,
Big Horn,2019,16,20/4/2019,,,
Big Horn,2019,15,13/4/2019,35,7,58
Big Horn,2019,14,6/4/2019,36,5,61
Big Horn,2019,13,30/3/2019,38,7,64
Big Horn,2019,12,23/3/2019,44,9,68
Big Horn,2019,11,16/3/2019,,,
Big Horn,2019,10,9/3/2019,47,6,80
Big Horn,2019,9,2/3/2019,47,5,80
Big Horn,2019,8,23/2/2019,48,10,78
Big Horn,2019,7,16/2/2019,52,12,77
Big Horn,2019,6,9/2/2019,,,
Big Horn,2019,5,2/2/2019,47,5,79
Big Horn,2019,4,26/1/2019,48,9,76
Big Horn,2019,3,19/1/2019,46,6,80
Big Horn,2019,2,12/1/2019,52,14,76
Big Horn,2019,1,5/1/2019,48,12,73
Campbell,2020,16,18/4/2020,471,256,"1,209"
Campbell,2020,15,11/4/2020,448,435,977
Campbell,2020,14,4/4/2020,393,527,620
Campbell,2020,13,28/3/2020,311,550,308
Campbell,2020,12,21/3/2020,207,254,204
Campbell,2020,11,14/3/2020,136,37,207
Campbell,2020,10,7/3/2020,136,38,220
Campbell,2020,9,29/2/2020,134,24,232
Campbell,2020,8,22/2/2020,143,29,236
Campbell,2020,7,15/2/2020,136,37,236
Campbell,2020,6,8/2/2020,122,45,211
Campbell,2020,5,1/2/2020,128,36,204
Campbell,2020,4,25/1/2020,122,28,205
Campbell,2020,3,18/1/2020,121,37,201
Campbell,2020,2,11/1/2020,130,60,188
Campbell,2020,1,4/1/2020,111,39,174
Campbell,2019,52,28/12/2019,109,35,152
Campbell,2019,51,21/12/2019,99,39,140
Campbell,2019,50,14/12/2019,102,30,129
Campbell,2019,49,7/12/2019,104,23,127
Campbell,2019,48,30/11/2019,103,22,116
Campbell,2019,47,23/11/2019,104,17,117
Campbell,2019,46,16/11/2019,102,29,113
Campbell,2019,45,9/11/2019,89,30,98
Campbell,2019,44,2/11/2019,78,16,102
Campbell,2019,43,26/10/2019,75,11,129
Campbell,2019,42,19/10/2019,84,20,139
Campbell,2019,41,12/10/2019,80,19,148
Campbell,2019,40,5/10/2019,80,23,151
Campbell,2019,39,28/9/2019,68,12,156
Campbell,2019,38,21/9/2019,75,18,160
Campbell,2019,37,14/9/2019,79,13,187
Campbell,2019,36,7/9/2019,80,17,196
Campbell,2019,35,31/8/2019,80,17,240
Campbell,2019,34,24/8/2019,78,15,267
Campbell,2019,33,17/8/2019,80,19,300
Campbell,2019,32,10/8/2019,79,15,312
Campbell,2019,31,3/8/2019,88,17,358
Campbell,2019,30,27/7/2019,79,10,403
Campbell,2019,29,20/7/2019,85,38,411
Campbell,2019,28,13/7/2019,91,188,216
Campbell,2019,27,6/7/2019,75,236,91
Campbell,2019,26,29/6/2019,79,19,96
Campbell,2019,25,22/6/2019,73,9,92
Campbell,2019,24,15/6/2019,88,14,108
Campbell,2019,23,8/6/2019,99,19,112
Campbell,2019,22,1/6/2019,107,37,122
Campbell,2019,21,25/5/2019,86,34,73
Campbell,2019,20,18/5/2019,95,15,110
Campbell,2019,19,11/5/2019,106,18,115
Campbell,2019,18,4/5/2019,107,24,114
Campbell,2019,17,27/4/2019,101,17,121
Campbell,2019,16,20/4/2019,109,20,135
Campbell,2019,15,13/4/2019,114,23,142
Campbell,2019,14,6/4/2019,120,19,169
Campbell,2019,13,30/3/2019,132,24,184
Campbell,2019,12,23/3/2019,136,29,189
Campbell,2019,11,16/3/2019,131,19,195
Campbell,2019,10,9/3/2019,136,19,207
Campbell,2019,9,2/3/2019,135,35,200
Campbell,2019,8,23/2/2019,138,37,199
Campbell,2019,7,16/2/2019,124,12,209
Campbell,2019,6,9/2/2019,132,38,195
Campbell,2019,5,2/2/2019,133,28,201
Campbell,2019,4,26/1/2019,133,34,183
Campbell,2019,3,19/1/2019,130,33,172
Campbell,2019,2,12/1/2019,129,48,170
Campbell,2019,1,5/1/2019,122,31,166
Carbon,2020,16,18/4/2020,119,47,235
Carbon,2020,15,11/4/2020,120,94,185
Carbon,2020,14,4/4/2020,115,87,144
Carbon,2020,13,28/3/2020,107,103,107
Carbon,2020,12,21/3/2020,76,47,91
Carbon,2020,11,14/3/2020,64,5,97
Carbon,2020,10,7/3/2020,69,11,108
Carbon,2020,9,29/2/2020,73,12,108
Carbon,2020,8,22/2/2020,,,
Carbon,2020,7,15/2/2020,73,10,103
Carbon,2020,6,8/2/2020,72,13,109
Carbon,2020,5,1/2/2020,65,19,93
Carbon,2020,4,25/1/2020,65,15,90
Carbon,2020,3,18/1/2020,57,12,81
Carbon,2020,2,11/1/2020,64,22,74
Carbon,2020,1,4/1/2020,56,13,72
Carbon,2019,52,28/12/2019,52,10,70
Carbon,2019,51,21/12/2019,57,13,68
Carbon,2019,50,14/12/2019,53,6,66
Carbon,2019,49,7/12/2019,54,23,57
Carbon,2019,48,30/11/2019,45,7,51
Carbon,2019,47,23/11/2019,45,6,54
Carbon,2019,46,16/11/2019,47,13,53
Carbon,2019,45,9/11/2019,42,17,42
Carbon,2019,44,2/11/2019,41,22,30
Carbon,2019,43,26/10/2019,28,7,26
Carbon,2019,42,19/10/2019,,,
Carbon,2019,41,12/10/2019,27,6,26
Carbon,2019,40,5/10/2019,25,6,22
Carbon,2019,39,28/9/2019,,,
Carbon,2019,38,21/9/2019,27,5,30
Carbon,2019,37,14/9/2019,28,7,28
Carbon,2019,36,7/9/2019,,,
Carbon,2019,35,31/8/2019,,,
Carbon,2019,34,24/8/2019,,,
Carbon,2019,33,17/8/2019,31,5,33
Carbon,2019,32,10/8/2019,29,7,28
Carbon,2019,31,3/8/2019,,,
Carbon,2019,30,27/7/2019,,,
Carbon,2019,29,20/7/2019,,,
Carbon,2019,28,13/7/2019,,,
Carbon,2019,27,6/7/2019,,,
Carbon,2019,26,29/6/2019,,,
Carbon,2019,25,22/6/2019,35,8,33
Carbon,2019,24,15/6/2019,32,5,32
Carbon,2019,23,8/6/2019,35,7,36
Carbon,2019,22,1/6/2019,35,7,34
Carbon,2019,21,25/5/2019,24,0,24
Carbon,2019,20,18/5/2019,40,9,37
Carbon,2019,19,11/5/2019,,,
Carbon,2019,18,4/5/2019,35,0,40
Carbon,2019,17,27/4/2019,50,7,48
Carbon,2019,16,20/4/2019,,,
Carbon,2019,15,13/4/2019,57,10,62
Carbon,2019,14,6/4/2019,55,5,66
Carbon,2019,13,30/3/2019,,,
Carbon,2019,12,23/3/2019,62,5,78
Carbon,2019,11,16/3/2019,68,7,82
Carbon,2019,10,9/3/2019,69,5,86
Carbon,2019,9,2/3/2019,66,9,86
Carbon,2019,8,23/2/2019,62,8,85
Carbon,2019,7,16/2/2019,61,12,78
Carbon,2019,6,9/2/2019,65,9,82
Carbon,2019,5,2/2/2019,,,
Carbon,2019,4,26/1/2019,65,11,88
Carbon,2019,3,19/1/2019,66,10,93
Carbon,2019,2,12/1/2019,76,28,94
Carbon,2019,1,5/1/2019,65,14,83
Converse,2020,16,18/4/2020,164,62,249
Converse,2020,15,11/4/2020,169,121,177
Converse,2020,14,4/4/2020,138,108,118
Converse,2020,13,28/3/2020,109,92,77
Converse,2020,12,21/3/2020,76,37,62
Converse,2020,11,14/3/2020,51,10,62
Converse,2020,10,7/3/2020,53,8,58
Converse,2020,9,29/2/2020,55,12,60
Converse,2020,8,22/2/2020,52,8,57
Converse,2020,7,15/2/2020,55,14,56
Converse,2020,6,8/2/2020,58,14,58
Converse,2020,5,1/2/2020,51,5,58
Converse,2020,4,25/1/2020,57,6,59
Converse,2020,3,18/1/2020,56,13,58
Converse,2020,2,11/1/2020,50,9,56
Converse,2020,1,4/1/2020,49,8,55
Converse,2019,52,28/12/2019,43,9,42
Converse,2019,51,21/12/2019,42,6,46
Converse,2019,50,14/12/2019,48,8,48
Converse,2019,49,7/12/2019,46,11,42
Converse,2019,48,30/11/2019,41,9,41
Converse,2019,47,23/11/2019,44,14,37
Converse,2019,46,16/11/2019,35,7,34
Converse,2019,45,9/11/2019,34,8,31
Converse,2019,44,2/11/2019,36,7,32
Converse,2019,43,26/10/2019,,,
Converse,2019,42,19/10/2019,33,5,31
Converse,2019,41,12/10/2019,35,6,33
Converse,2019,40,5/10/2019,36,9,32
Converse,2019,39,28/9/2019,38,9,32
Converse,2019,38,21/9/2019,31,5,29
Converse,2019,37,14/9/2019,30,6,29
Converse,2019,36,7/9/2019,27,5,27
Converse,2019,35,31/8/2019,,,
Converse,2019,34,24/8/2019,29,5,30
Converse,2019,33,17/8/2019,26,0,31
Converse,2019,32,10/8/2019,,,
Converse,2019,31,3/8/2019,,,
Converse,2019,30,27/7/2019,27,5,30
Converse,2019,29,20/7/2019,,,
Converse,2019,28,13/7/2019,25,5,27
Converse,2019,27,6/7/2019,27,6,27
Converse,2019,26,29/6/2019,,,
Converse,2019,25,22/6/2019,27,7,24
Converse,2019,24,15/6/2019,,,
Converse,2019,23,8/6/2019,31,6,31
Converse,2019,22,1/6/2019,37,16,28
Converse,2019,21,25/5/2019,,,
Converse,2019,20,18/5/2019,,,
Converse,2019,19,11/5/2019,26,5,24
Converse,2019,18,4/5/2019,,,
Converse,2019,17,27/4/2019,,,
Converse,2019,16,20/4/2019,,,
Converse,2019,15,13/4/2019,,,
Converse,2019,14,6/4/2019,40,7,35
Converse,2019,13,30/3/2019,42,9,41
Converse,2019,12,23/3/2019,38,7,38
Converse,2019,11,16/3/2019,,,
Converse,2019,10,9/3/2019,,,
Converse,2019,9,2/3/2019,,,
Converse,2019,8,23/2/2019,33,5,36
Converse,2019,7,16/2/2019,,,
Converse,2019,6,9/2/2019,44,7,42
Converse,2019,5,2/2/2019,41,5,44
Converse,2019,4,26/1/2019,,,
Converse,2019,3,19/1/2019,42,8,47
Converse,2019,2,12/1/2019,47,11,47
Converse,2019,1,5/1/2019,43,9,45
Crook,2020,16,18/4/2020,62,22,74
Crook,2020,15,11/4/2020,52,28,57
Crook,2020,14,4/4/2020,52,26,47
Crook,2020,13,28/3/2020,45,33,28
Crook,2020,12,21/3/2020,,,
Crook,2020,11,14/3/2020,,,
Crook,2020,10,7/3/2020,,,
Crook,2020,9,29/2/2020,,,
Crook,2020,8,22/2/2020,,,
Crook,2020,7,15/2/2020,17,0,20
Crook,2020,6,8/2/2020,,,
Crook,2020,5,1/2/2020,,,
Crook,2020,4,25/1/2020,,,
Crook,2020,3,18/1/2020,17,5,16
Crook,2020,2,11/1/2020,15,5,14
Crook,2020,1,4/1/2020,,,
Crook,2019,52,28/12/2019,,,
Crook,2019,51,21/12/2019,,,
Crook,2019,50,14/12/2019,,,
Crook,2019,49,7/12/2019,,,
Crook,2019,48,30/11/2019,12,5,11
Crook,2019,47,23/11/2019,,,
Crook,2019,46,16/11/2019,,,
Crook,2019,45,9/11/2019,,,
Crook,2019,44,2/11/2019,,,
Crook,2019,43,26/10/2019,,,
Crook,2019,42,19/10/2019,,,
Crook,2019,41,12/10/2019,,,
Crook,2019,40,5/10/2019,,,
Crook,2019,39,28/9/2019,,,
Crook,2019,38,21/9/2019,,,
Crook,2019,37,14/9/2019,,,
Crook,2019,36,7/9/2019,,,
Crook,2019,35,31/8/2019,,,
Crook,2019,34,24/8/2019,,,
Crook,2019,33,17/8/2019,,,
Crook,2019,32,10/8/2019,,,
Crook,2019,31,3/8/2019,,,
Crook,2019,30,27/7/2019,,,
Crook,2019,29,20/7/2019,8,0,27
Crook,2019,28,13/7/2019,10,17,8
Crook,2019,27,6/7/2019,6,13,5
Crook,2019,26,29/6/2019,5,0,5
Crook,2019,25,22/6/2019,6,0,10
Crook,2019,24,15/6/2019,8,9,21
Crook,2019,23,8/6/2019,9,19,10
Crook,2019,22,1/6/2019,,,
Crook,2019,21,25/5/2019,,,
Crook,2019,20,18/5/2019,,,
Crook,2019,19,11/5/2019,,,
Crook,2019,18,4/5/2019,,,
Crook,2019,17,27/4/2019,,,
Crook,2019,16,20/4/2019,13,0,17
Crook,2019,15,13/4/2019,,,
Crook,2019,14,6/4/2019,,,
Crook,2019,13,30/3/2019,,,
Crook,2019,12,23/3/2019,,,
Crook,2019,11,16/3/2019,16,24,18
Crook,2019,10,9/3/2019,17,8,13
Crook,2019,9,2/3/2019,15,0,16
Crook,2019,8,23/2/2019,,,
Crook,2019,7,16/2/2019,,,
Crook,2019,6,9/2/2019,,,
Crook,2019,5,2/2/2019,,,
Crook,2019,4,26/1/2019,13,5,16
Crook,2019,3,19/1/2019,,,
Crook,2019,2,12/1/2019,,,
Crook,2019,1,5/1/2019,,,
Fremont,2020,16,18/4/2020,358,191,834
Fremont,2020,15,11/4/2020,345,279,707
Fremont,2020,14,4/4/2020,322,340,513
Fremont,2020,13,28/3/2020,260,280,350
Fremont,2020,12,21/3/2020,207,188,264
Fremont,2020,11,14/3/2020,150,27,274
Fremont,2020,10,7/3/2020,143,21,289
Fremont,2020,9,29/2/2020,148,18,301
Fremont,2020,8,22/2/2020,154,15,317
Fremont,2020,7,15/2/2020,162,46,315
Fremont,2020,6,8/2/2020,157,32,299
Fremont,2020,5,1/2/2020,164,43,299
Fremont,2020,4,25/1/2020,163,36,307
Fremont,2020,3,18/1/2020,155,34,310
Fremont,2020,2,11/1/2020,170,79,302
Fremont,2020,1,4/1/2020,150,51,292
Fremont,2019,52,28/12/2019,139,58,243
Fremont,2019,51,21/12/2019,141,44,240
Fremont,2019,50,14/12/2019,145,30,241
Fremont,2019,49,7/12/2019,134,57,214
Fremont,2019,48,30/11/2019,122,47,178
Fremont,2019,47,23/11/2019,121,32,175
Fremont,2019,46,16/11/2019,116,33,150
Fremont,2019,45,9/11/2019,110,33,146
Fremont,2019,44,2/11/2019,104,38,131
Fremont,2019,43,26/10/2019,85,19,109
Fremont,2019,42,19/10/2019,92,17,125
Fremont,2019,41,12/10/2019,92,24,118
Fremont,2019,40,5/10/2019,87,28,115
Fremont,2019,39,28/9/2019,81,18,114
Fremont,2019,38,21/9/2019,77,12,115
Fremont,2019,37,14/9/2019,75,15,110
Fremont,2019,36,7/9/2019,68,11,115
Fremont,2019,35,31/8/2019,68,17,130
Fremont,2019,34,24/8/2019,67,19,128
Fremont,2019,33,17/8/2019,75,21,144
Fremont,2019,32,10/8/2019,65,11,157
Fremont,2019,31,3/8/2019,73,11,169
Fremont,2019,30,27/7/2019,74,18,167
Fremont,2019,29,20/7/2019,78,33,159
Fremont,2019,28,13/7/2019,78,24,163
Fremont,2019,27,6/7/2019,76,16,152
Fremont,2019,26,29/6/2019,82,18,159
Fremont,2019,25,22/6/2019,81,15,154
Fremont,2019,24,15/6/2019,88,30,147
Fremont,2019,23,8/6/2019,104,46,140
Fremont,2019,22,1/6/2019,97,38,126
Fremont,2019,21,25/5/2019,64,15,82
Fremont,2019,20,18/5/2019,92,11,119
Fremont,2019,19,11/5/2019,100,15,137
Fremont,2019,18,4/5/2019,104,18,135
Fremont,2019,17,27/4/2019,112,22,155
Fremont,2019,16,20/4/2019,119,11,171
Fremont,2019,15,13/4/2019,141,23,194
Fremont,2019,14,6/4/2019,148,22,228
Fremont,2019,13,30/3/2019,147,14,243
Fremont,2019,12,23/3/2019,157,19,264
Fremont,2019,11,16/3/2019,157,12,276
Fremont,2019,10,9/3/2019,165,17,291
Fremont,2019,9,2/3/2019,166,14,308
Fremont,2019,8,23/2/2019,167,23,313
Fremont,2019,7,16/2/2019,170,35,310
Fremont,2019,6,9/2/2019,169,26,315
Fremont,2019,5,2/2/2019,173,32,329
Fremont,2019,4,26/1/2019,169,33,338
Fremont,2019,3,19/1/2019,161,41,322
Fremont,2019,2,12/1/2019,155,98,283
Fremont,2019,1,5/1/2019,143,55,249
Goshen,2020,16,18/4/2020,69,26,142
Goshen,2020,15,11/4/2020,75,53,122
Goshen,2020,14,4/4/2020,63,75,70
Goshen,2020,13,28/3/2020,61,76,38
Goshen,2020,12,21/3/2020,30,14,31
Goshen,2020,11,14/3/2020,24,6,29
Goshen,2020,10,7/3/2020,,,
Goshen,2020,9,29/2/2020,26,5,30
Goshen,2020,8,22/2/2020,,,
Goshen,2020,7,15/2/2020,,,
Goshen,2020,6,8/2/2020,27,5,32
Goshen,2020,5,1/2/2020,26,5,34
Goshen,2020,4,25/1/2020,,,
Goshen,2020,3,18/1/2020,,,
Goshen,2020,2,11/1/2020,25,6,34
Goshen,2020,1,4/1/2020,,,
Goshen,2019,52,28/12/2019,28,5,34
Goshen,2019,51,21/12/2019,27,6,30
Goshen,2019,50,14/12/2019,,,
Goshen,2019,49,7/12/2019,31,11,27
Goshen,2019,48,30/11/2019,,,
Goshen,2019,47,23/11/2019,,,
Goshen,2019,46,16/11/2019,,,
Goshen,2019,45,9/11/2019,23,6,29
Goshen,2019,44,2/11/2019,,,
Goshen,2019,43,26/10/2019,,,
Goshen,2019,42,19/10/2019,,,
Goshen,2019,41,12/10/2019,22,5,30
Goshen,2019,40,5/10/2019,22,7,32
Goshen,2019,39,28/9/2019,,,
Goshen,2019,38,21/9/2019,,,
Goshen,2019,37,14/9/2019,,,
Goshen,2019,36,7/9/2019,,,
Goshen,2019,35,31/8/2019,,,
Goshen,2019,34,24/8/2019,19,5,42
Goshen,2019,33,17/8/2019,19,5,44
Goshen,2019,32,10/8/2019,,,
Goshen,2019,31,3/8/2019,,,
Goshen,2019,30,27/7/2019,17,5,45
Goshen,2019,29,20/7/2019,,,
Goshen,2019,28,13/7/2019,16,8,38
Goshen,2019,27,6/7/2019,,,
Goshen,2019,26,29/6/2019,15,5,45
Goshen,2019,25,22/6/2019,17,6,47
Goshen,2019,24,15/6/2019,15,6,46
Goshen,2019,23,8/6/2019,13,5,46
Goshen,2019,22,1/6/2019,18,5,55
Goshen,2019,21,25/5/2019,,,
Goshen,2019,20,18/5/2019,14,6,52
Goshen,2019,19,11/5/2019,,,
Goshen,2019,18,4/5/2019,,,
Goshen,2019,17,27/4/2019,,,
Goshen,2019,16,20/4/2019,,,
Goshen,2019,15,13/4/2019,20,7,56
Goshen,2019,14,6/4/2019,25,5,59
Goshen,2019,13,30/3/2019,,,
Goshen,2019,12,23/3/2019,28,13,50
Goshen,2019,11,16/3/2019,33,7,48
Goshen,2019,10,9/3/2019,34,8,52
Goshen,2019,9,2/3/2019,,,
Goshen,2019,8,23/2/2019,35,5,53
Goshen,2019,7,16/2/2019,35,7,44
Goshen,2019,6,9/2/2019,31,15,38
Goshen,2019,5,2/2/2019,29,8,37
Goshen,2019,4,26/1/2019,27,7,34
Goshen,2019,3,19/1/2019,27,6,33
Goshen,2019,2,12/1/2019,28,13,26
Goshen,2019,1,5/1/2019,,,
Hot Springs,2020,16,18/4/2020,47,14,90
Hot Springs,2020,15,11/4/2020,45,21,77
Hot Springs,2020,14,4/4/2020,43,42,57
Hot Springs,2020,13,28/3/2020,35,35,29
Hot Springs,2020,12,21/3/2020,30,23,20
Hot Springs,2020,11,14/3/2020,,,
Hot Springs,2020,10,7/3/2020,,,
Hot Springs,2020,9,29/2/2020,,,
Hot Springs,2020,8,22/2/2020,,,
Hot Springs,2020,7,15/2/2020,24,0,26
Hot Springs,2020,6,8/2/2020,,,
Hot Springs,2020,5,1/2/2020,,,
Hot Springs,2020,4,25/1/2020,,,
Hot Springs,2020,3,18/1/2020,,,
Hot Springs,2020,2,11/1/2020,23,7,22
Hot Springs,2020,1,4/1/2020,24,5,24
Hot Springs,2019,52,28/12/2019,20,5,19
Hot Springs,2019,51,21/12/2019,,,
Hot Springs,2019,50,14/12/2019,,,
Hot Springs,2019,49,7/12/2019,17,8,15
Hot Springs,2019,48,30/11/2019,13,7,9
Hot Springs,2019,47,23/11/2019,,,
Hot Springs,2019,46,16/11/2019,,,
Hot Springs,2019,45,9/11/2019,,,
Hot Springs,2019,44,2/11/2019,,,
Hot Springs,2019,43,26/10/2019,9,0,9
Hot Springs,2019,42,19/10/2019,8,0,8
Hot Springs,2019,41,12/10/2019,,,
Hot Springs,2019,40,5/10/2019,,,
Hot Springs,2019,39,28/9/2019,,,
Hot Springs,2019,38,21/9/2019,8,0,8
Hot Springs,2019,37,14/9/2019,,,
Hot Springs,2019,36,7/9/2019,10,0,10
Hot Springs,2019,35,31/8/2019,,,
Hot Springs,2019,34,24/8/2019,,,
Hot Springs,2019,33,17/8/2019,,,
Hot Springs,2019,32,10/8/2019,,,
Hot Springs,2019,31,3/8/2019,11,0,11
Hot Springs,2019,30,27/7/2019,,,
Hot Springs,2019,29,20/7/2019,,,
Hot Springs,2019,28,13/7/2019,,,
Hot Springs,2019,27,6/7/2019,10,0,11
Hot Springs,2019,26,29/6/2019,,,
Hot Springs,2019,25,22/6/2019,9,0,10
Hot Springs,2019,24,15/6/2019,,,
Hot Springs,2019,23,8/6/2019,,,
Hot Springs,2019,22,1/6/2019,12,0,13
Hot Springs,2019,21,25/5/2019,11,0,12
Hot Springs,2019,20,18/5/2019,,,
Hot Springs,2019,19,11/5/2019,,,
Hot Springs,2019,18,4/5/2019,15,0,16
Hot Springs,2019,17,27/4/2019,17,0,18
Hot Springs,2019,16,20/4/2019,,,
Hot Springs,2019,15,13/4/2019,,,
Hot Springs,2019,14,6/4/2019,,,
Hot Springs,2019,13,30/3/2019,,,
Hot Springs,2019,12,23/3/2019,,,
Hot Springs,2019,11,16/3/2019,21,5,21
Hot Springs,2019,10,9/3/2019,,,
Hot Springs,2019,9,2/3/2019,,,
Hot Springs,2019,8,23/2/2019,,,
Hot Springs,2019,7,16/2/2019,17,0,23
Hot Springs,2019,6,9/2/2019,,,
Hot Springs,2019,5,2/2/2019,,,
Hot Springs,2019,4,26/1/2019,20,0,27
Hot Springs,2019,3,19/1/2019,25,5,26
Hot Springs,2019,2,12/1/2019,28,8,29
Hot Springs,2019,1,5/1/2019,23,8,22
Johnson,2020,16,18/4/2020,106,35,180
Johnson,2020,15,11/4/2020,103,55,144
Johnson,2020,14,4/4/2020,91,85,105
Johnson,2020,13,28/3/2020,72,77,66
Johnson,2020,12,21/3/2020,51,34,47
Johnson,2020,11,14/3/2020,40,7,48
Johnson,2020,10,7/3/2020,40,10,46
Johnson,2020,9,29/2/2020,39,8,46
Johnson,2020,8,22/2/2020,,,
Johnson,2020,7,15/2/2020,43,6,51
Johnson,2020,6,8/2/2020,40,6,49
Johnson,2020,5,1/2/2020,44,6,50
Johnson,2020,4,25/1/2020,42,5,50
Johnson,2020,3,18/1/2020,44,7,51
Johnson,2020,2,11/1/2020,44,8,47
Johnson,2020,1,4/1/2020,38,12,40
Johnson,2019,52,28/12/2019,,,
Johnson,2019,51,21/12/2019,35,8,38
Johnson,2019,50,14/12/2019,37,7,38
Johnson,2019,49,7/12/2019,35,17,27
Johnson,2019,48,30/11/2019,,,
Johnson,2019,47,23/11/2019,24,7,19
Johnson,2019,46,16/11/2019,,,
Johnson,2019,45,9/11/2019,28,12,17
Johnson,2019,44,2/11/2019,18,6,14
Johnson,2019,43,26/10/2019,,,
Johnson,2019,42,19/10/2019,14,6,10
Johnson,2019,41,12/10/2019,14,6,10
Johnson,2019,40,5/10/2019,16,7,11
Johnson,2019,39,28/9/2019,,,
Johnson,2019,38,21/9/2019,,,
Johnson,2019,37,14/9/2019,,,
Johnson,2019,36,7/9/2019,9,0,9
Johnson,2019,35,31/8/2019,,,
Johnson,2019,34,24/8/2019,,,
Johnson,2019,33,17/8/2019,,,
Johnson,2019,32,10/8/2019,,,
Johnson,2019,31,3/8/2019,,,
Johnson,2019,30,27/7/2019,,,
Johnson,2019,29,20/7/2019,,,
Johnson,2019,28,13/7/2019,19,5,18
Johnson,2019,27,6/7/2019,14,6,13
Johnson,2019,26,29/6/2019,,,
Johnson,2019,25,22/6/2019,,,
Johnson,2019,24,15/6/2019,21,5,17
Johnson,2019,23,8/6/2019,24,5,23
Johnson,2019,22,1/6/2019,26,7,28
Johnson,2019,21,25/5/2019,,,
Johnson,2019,20,18/5/2019,,,
Johnson,2019,19,11/5/2019,,,
Johnson,2019,18,4/5/2019,,,
Johnson,2019,17,27/4/2019,,,
Johnson,2019,16,20/4/2019,,,
Johnson,2019,15,13/4/2019,,,
Johnson,2019,14,6/4/2019,,,
Johnson,2019,13,30/3/2019,,,
Johnson,2019,12,23/3/2019,,,
Johnson,2019,11,16/3/2019,,,
Johnson,2019,10,9/3/2019,,,
Johnson,2019,9,2/3/2019,49,8,61
Johnson,2019,8,23/2/2019,45,7,60
Johnson,2019,7,16/2/2019,45,7,55
Johnson,2019,6,9/2/2019,,,
Johnson,2019,5,2/2/2019,45,7,60
Johnson,2019,4,26/1/2019,45,7,62
Johnson,2019,3,19/1/2019,44,9,61
Johnson,2019,2,12/1/2019,46,20,54
Johnson,2019,1,5/1/2019,43,14,44
Laramie,2020,16,18/4/2020,700,516,"2,015"
Laramie,2020,15,11/4/2020,667,919,"1,543"
Laramie,2020,14,4/4/2020,617,889,"1,145"
Laramie,2020,13,28/3/2020,518,857,698
Laramie,2020,12,21/3/2020,347,484,456
Laramie,2020,11,14/3/2020,244,55,467
Laramie,2020,10,7/3/2020,248,57,509
Laramie,2020,9,29/2/2020,254,58,532
Laramie,2020,8,22/2/2020,264,64,550
Laramie,2020,7,15/2/2020,273,94,575
Laramie,2020,6,8/2/2020,254,82,507
Laramie,2020,5,1/2/2020,246,101,472
Laramie,2020,4,25/1/2020,245,75,485
Laramie,2020,3,18/1/2020,251,68,522
Laramie,2020,2,11/1/2020,248,98,520
Laramie,2020,1,4/1/2020,246,89,503
Laramie,2019,52,28/12/2019,227,93,425
Laramie,2019,51,21/12/2019,230,99,395
Laramie,2019,50,14/12/2019,225,76,394
Laramie,2019,49,7/12/2019,237,114,441
Laramie,2019,48,30/11/2019,214,126,346
Laramie,2019,47,23/11/2019,209,96,295
Laramie,2019,46,16/11/2019,202,62,275
Laramie,2019,45,9/11/2019,202,90,274
Laramie,2019,44,2/11/2019,187,109,200
Laramie,2019,43,26/10/2019,153,28,230
Laramie,2019,42,19/10/2019,175,42,223
Laramie,2019,41,12/10/2019,173,36,217
Laramie,2019,40,5/10/2019,174,43,238
Laramie,2019,39,28/9/2019,170,55,216
Laramie,2019,38,21/9/2019,171,34,211
Laramie,2019,37,14/9/2019,165,41,203
Laramie,2019,36,7/9/2019,161,31,210
Laramie,2019,35,31/8/2019,175,42,211
Laramie,2019,34,24/8/2019,167,39,242
Laramie,2019,33,17/8/2019,158,44,228
Laramie,2019,32,10/8/2019,167,52,215
Laramie,2019,31,3/8/2019,165,26,218
Laramie,2019,30,27/7/2019,161,18,214
Laramie,2019,29,20/7/2019,170,26,227
Laramie,2019,28,13/7/2019,165,33,212
Laramie,2019,27,6/7/2019,147,35,186
Laramie,2019,26,29/6/2019,158,30,209
Laramie,2019,25,22/6/2019,157,32,206
Laramie,2019,24,15/6/2019,147,31,200
Laramie,2019,23,8/6/2019,170,47,203
Laramie,2019,22,1/6/2019,173,68,236
Laramie,2019,21,25/5/2019,135,36,157
Laramie,2019,20,18/5/2019,182,25,253
Laramie,2019,19,11/5/2019,197,37,268
Laramie,2019,18,4/5/2019,204,46,256
Laramie,2019,17,27/4/2019,201,32,279
Laramie,2019,16,20/4/2019,211,48,338
Laramie,2019,15,13/4/2019,213,68,319
Laramie,2019,14,6/4/2019,220,34,360
Laramie,2019,13,30/3/2019,215,41,382
Laramie,2019,12,23/3/2019,229,36,421
Laramie,2019,11,16/3/2019,220,39,410
Laramie,2019,10,9/3/2019,241,44,422
Laramie,2019,9,2/3/2019,233,52,464
Laramie,2019,8,23/2/2019,255,72,436
Laramie,2019,7,16/2/2019,237,38,464
Laramie,2019,6,9/2/2019,233,29,469
Laramie,2019,5,2/2/2019,250,67,533
Laramie,2019,4,26/1/2019,239,69,512
Laramie,2019,3,19/1/2019,243,75,500
Laramie,2019,2,12/1/2019,236,100,502
Laramie,2019,1,5/1/2019,238,92,476
Lincoln,2020,16,18/4/2020,261,77,424
Lincoln,2020,15,11/4/2020,248,170,325
Lincoln,2020,14,4/4/2020,228,177,241
Lincoln,2020,13,28/3/2020,161,146,144
Lincoln,2020,12,21/3/2020,111,81,104
Lincoln,2020,11,14/3/2020,58,13,91
Lincoln,2020,10,7/3/2020,,,
Lincoln,2020,9,29/2/2020,62,7,100
Lincoln,2020,8,22/2/2020,,,
Lincoln,2020,7,15/2/2020,63,10,101
Lincoln,2020,6,8/2/2020,67,11,101
Lincoln,2020,5,1/2/2020,65,9,100
Lincoln,2020,4,25/1/2020,68,15,99
Lincoln,2020,3,18/1/2020,69,24,90
Lincoln,2020,2,11/1/2020,60,23,83
Lincoln,2020,1,4/1/2020,56,11,76
Lincoln,2019,52,28/12/2019,48,15,61
Lincoln,2019,51,21/12/2019,51,12,70
Lincoln,2019,50,14/12/2019,48,10,69
Lincoln,2019,49,7/12/2019,53,21,63
Lincoln,2019,48,30/11/2019,47,16,50
Lincoln,2019,47,23/11/2019,48,12,52
Lincoln,2019,46,16/11/2019,42,10,43
Lincoln,2019,45,9/11/2019,49,18,41
Lincoln,2019,44,2/11/2019,38,11,32
Lincoln,2019,43,26/10/2019,30,9,25
Lincoln,2019,42,19/10/2019,,,
Lincoln,2019,41,12/10/2019,29,9,20
Lincoln,2019,40,5/10/2019,29,8,21
Lincoln,2019,39,28/9/2019,,,
Lincoln,2019,38,21/9/2019,,,
Lincoln,2019,37,14/9/2019,,,
Lincoln,2019,36,7/9/2019,,,
Lincoln,2019,35,31/8/2019,,,
Lincoln,2019,34,24/8/2019,,,
Lincoln,2019,33,17/8/2019,,,
Lincoln,2019,32,10/8/2019,,,
Lincoln,2019,31,3/8/2019,,,
Lincoln,2019,30,27/7/2019,,,
Lincoln,2019,29,20/7/2019,26,9,20
Lincoln,2019,28,13/7/2019,,,
Lincoln,2019,27,6/7/2019,,,
Lincoln,2019,26,29/6/2019,,,
Lincoln,2019,25,22/6/2019,,,
Lincoln,2019,24,15/6/2019,,,
Lincoln,2019,23,8/6/2019,,,
Lincoln,2019,22,1/6/2019,31,7,26
Lincoln,2019,21,25/5/2019,,,
Lincoln,2019,20,18/5/2019,32,7,30
Lincoln,2019,19,11/5/2019,,,
Lincoln,2019,18,4/5/2019,42,5,56
Lincoln,2019,17,27/4/2019,42,6,57
Lincoln,2019,16,20/4/2019,,,
Lincoln,2019,15,13/4/2019,47,20,53
Lincoln,2019,14,6/4/2019,55,10,63
Lincoln,2019,13,30/3/2019,51,7,64
Lincoln,2019,12,23/3/2019,46,6,65
Lincoln,2019,11,16/3/2019,54,5,76
Lincoln,2019,10,9/3/2019,,,
Lincoln,2019,9,2/3/2019,,,
Lincoln,2019,8,23/2/2019,62,10,83
Lincoln,2019,7,16/2/2019,59,5,86
Lincoln,2019,6,9/2/2019,,,
Lincoln,2019,5,2/2/2019,65,8,97
Lincoln,2019,4,26/1/2019,62,11,98
Lincoln,2019,3,19/1/2019,63,12,101
Lincoln,2019,2,12/1/2019,65,34,85
Lincoln,2019,1,5/1/2019,59,16,74
Natrona,2020,16,18/4/2020,963,592,"2,673"
Natrona,2020,15,11/4/2020,921,969,"2,071"
Natrona,2020,14,4/4/2020,819,"1,174","1,418"
Natrona,2020,13,28/3/2020,660,"1,093",758
Natrona,2020,12,21/3/2020,453,557,524
Natrona,2020,11,14/3/2020,323,52,558
Natrona,2020,10,7/3/2020,322,78,581
Natrona,2020,9,29/2/2020,319,74,568
Natrona,2020,8,22/2/2020,313,57,576
Natrona,2020,7,15/2/2020,336,97,604
Natrona,2020,6,8/2/2020,317,81,569
Natrona,2020,5,1/2/2020,326,79,568
Natrona,2020,4,25/1/2020,317,90,533
Natrona,2020,3,18/1/2020,320,85,553
Natrona,2020,2,11/1/2020,316,100,571
Natrona,2020,1,4/1/2020,325,105,559
Natrona,2019,52,28/12/2019,303,105,495
Natrona,2019,51,21/12/2019,310,96,482
Natrona,2019,50,14/12/2019,288,73,446
Natrona,2019,49,7/12/2019,297,117,447
Natrona,2019,48,30/11/2019,265,79,386
Natrona,2019,47,23/11/2019,269,84,363
Natrona,2019,46,16/11/2019,258,69,357
Natrona,2019,45,9/11/2019,256,86,354
Natrona,2019,44,2/11/2019,239,122,279
Natrona,2019,43,26/10/2019,190,38,251
Natrona,2019,42,19/10/2019,213,60,259
Natrona,2019,41,12/10/2019,189,47,244
Natrona,2019,40,5/10/2019,207,57,250
Natrona,2019,39,28/9/2019,197,51,238
Natrona,2019,38,21/9/2019,186,50,233
Natrona,2019,37,14/9/2019,190,36,232
Natrona,2019,36,7/9/2019,191,42,231
Natrona,2019,35,31/8/2019,177,36,226
Natrona,2019,34,24/8/2019,192,36,245
Natrona,2019,33,17/8/2019,197,28,249
Natrona,2019,32,10/8/2019,185,30,245
Natrona,2019,31,3/8/2019,195,28,242
Natrona,2019,30,27/7/2019,178,26,235
Natrona,2019,29,20/7/2019,189,35,239
Natrona,2019,28,13/7/2019,187,35,243
Natrona,2019,27,6/7/2019,171,22,224
Natrona,2019,26,29/6/2019,183,36,247
Natrona,2019,25,22/6/2019,178,41,246
Natrona,2019,24,15/6/2019,178,47,248
Natrona,2019,23,8/6/2019,184,48,257
Natrona,2019,22,1/6/2019,187,65,260
Natrona,2019,21,25/5/2019,145,41,194
Natrona,2019,20,18/5/2019,193,30,264
Natrona,2019,19,11/5/2019,218,40,294
Natrona,2019,18,4/5/2019,235,54,313
Natrona,2019,17,27/4/2019,232,47,308
Natrona,2019,16,20/4/2019,253,45,330
Natrona,2019,15,13/4/2019,271,43,358
Natrona,2019,14,6/4/2019,286,37,401
Natrona,2019,13,30/3/2019,292,42,427
Natrona,2019,12,23/3/2019,311,63,456
Natrona,2019,11,16/3/2019,303,48,469
Natrona,2019,10,9/3/2019,307,50,485
Natrona,2019,9,2/3/2019,319,48,508
Natrona,2019,8,23/2/2019,301,71,492
Natrona,2019,7,16/2/2019,300,63,491
Natrona,2019,6,9/2/2019,306,52,497
Natrona,2019,5,2/2/2019,303,60,522
Natrona,2019,4,26/1/2019,309,85,509
Natrona,2019,3,19/1/2019,302,94,484
Natrona,2019,2,12/1/2019,304,128,461
Natrona,2019,1,5/1/2019,268,77,435
Niobrara,2020,16,18/4/2020,15,5,15
Niobrara,2020,15,11/4/2020,15,10,10
Niobrara,2020,14,4/4/2020,12,10,7
Niobrara,2020,13,28/3/2020,,,
Niobrara,2020,12,21/3/2020,,,
Niobrara,2020,11,14/3/2020,,,
Niobrara,2020,10,7/3/2020,,,
Niobrara,2020,9,29/2/2020,,,
Niobrara,2020,8,22/2/2020,,,
Niobrara,2020,7,15/2/2020,,,
Niobrara,2020,6,8/2/2020,,,
Niobrara,2020,5,1/2/2020,,,
Niobrara,2020,4,25/1/2020,,,
Niobrara,2020,3,18/1/2020,,,
Niobrara,2020,2,11/1/2020,,,
Niobrara,2020,1,4/1/2020,5,0,9
Niobrara,2019,52,28/12/2019,,,
Niobrara,2019,51,21/12/2019,,,
Niobrara,2019,50,14/12/2019,,,
Niobrara,2019,49,7/12/2019,,,
Niobrara,2019,48,30/11/2019,,,
Niobrara,2019,47,23/11/2019,,,
Niobrara,2019,46,16/11/2019,,,
Niobrara,2019,45,9/11/2019,,,
Niobrara,2019,44,2/11/2019,,,
Niobrara,2019,43,26/10/2019,,,
Niobrara,2019,42,19/10/2019,,,
Niobrara,2019,41,12/10/2019,,,
Niobrara,2019,40,5/10/2019,,,
Niobrara,2019,39,28/9/2019,,,
Niobrara,2019,38,21/9/2019,,,
Niobrara,2019,37,14/9/2019,,,
Niobrara,2019,36,7/9/2019,,,
Niobrara,2019,35,31/8/2019,,,
Niobrara,2019,34,24/8/2019,,,
Niobrara,2019,33,17/8/2019,,,
Niobrara,2019,32,10/8/2019,,,
Niobrara,2019,31,3/8/2019,,,
Niobrara,2019,30,27/7/2019,,,
Niobrara,2019,29,20/7/2019,,,
Niobrara,2019,28,13/7/2019,,,
Niobrara,2019,27,6/7/2019,,,
Niobrara,2019,26,29/6/2019,,,
Niobrara,2019,25,22/6/2019,,,
Niobrara,2019,24,15/6/2019,,,
Niobrara,2019,23,8/6/2019,,,
Niobrara,2019,22,1/6/2019,,,
Niobrara,2019,21,25/5/2019,,,
Niobrara,2019,20,18/5/2019,,,
Niobrara,2019,19,11/5/2019,,,
Niobrara,2019,18,4/5/2019,,,
Niobrara,2019,17,27/4/2019,,,
Niobrara,2019,16,20/4/2019,,,
Niobrara,2019,15,13/4/2019,,,
Niobrara,2019,14,6/4/2019,,,
Niobrara,2019,13,30/3/2019,,,
Niobrara,2019,12,23/3/2019,,,
Niobrara,2019,11,16/3/2019,5,0,6
Niobrara,2019,10,9/3/2019,5,0,6
Niobrara,2019,9,2/3/2019,5,0,6
Niobrara,2019,8,23/2/2019,,,
Niobrara,2019,7,16/2/2019,,,
Niobrara,2019,6,9/2/2019,5,0,5
Niobrara,2019,5,2/2/2019,5,0,5
Niobrara,2019,4,26/1/2019,6,0,6
Niobrara,2019,3,19/1/2019,5,0,7
Niobrara,2019,2,12/1/2019,,,
Niobrara,2019,1,5/1/2019,,,
Park,2020,16,18/4/2020,297,110,656
Park,2020,15,11/4/2020,324,238,532
Park,2020,14,4/4/2020,290,266,405
Park,2020,13,28/3/2020,251,295,253
Park,2020,12,21/3/2020,186,152,186
Park,2020,11,14/3/2020,126,26,188
Park,2020,10,7/3/2020,129,29,186
Park,2020,9,29/2/2020,129,22,194
Park,2020,8,22/2/2020,131,18,207
Park,2020,7,15/2/2020,134,25,208
Park,2020,6,8/2/2020,137,37,199
Park,2020,5,1/2/2020,128,16,204
Park,2020,4,25/1/2020,124,27,187
Park,2020,3,18/1/2020,125,43,179
Park,2020,2,11/1/2020,115,51,155
Park,2020,1,4/1/2020,93,26,144
Park,2019,52,28/12/2019,92,20,140
Park,2019,51,21/12/2019,96,22,148
Park,2019,50,14/12/2019,93,13,162
Park,2019,49,7/12/2019,96,28,153
Park,2019,48,30/11/2019,85,16,147
Park,2019,47,23/11/2019,96,32,144
Park,2019,46,16/11/2019,80,20,123
Park,2019,45,9/11/2019,83,43,98
Park,2019,44,2/11/2019,70,36,81
Park,2019,43,26/10/2019,55,10,81
Park,2019,42,19/10/2019,64,24,78
Park,2019,41,12/10/2019,51,15,71
Park,2019,40,5/10/2019,45,18,60
Park,2019,39,28/9/2019,42,6,66
Park,2019,38,21/9/2019,41,10,64
Park,2019,37,14/9/2019,44,7,68
Park,2019,36,7/9/2019,44,13,62
Park,2019,35,31/8/2019,33,8,55
Park,2019,34,24/8/2019,43,12,61
Park,2019,33,17/8/2019,39,12,57
Park,2019,32,10/8/2019,40,5,62
Park,2019,31,3/8/2019,40,8,66
Park,2019,30,27/7/2019,43,5,74
Park,2019,29,20/7/2019,44,9,74
Park,2019,28,13/7/2019,45,13,67
Park,2019,27,6/7/2019,45,8,64
Park,2019,26,29/6/2019,47,14,60
Park,2019,25,22/6/2019,47,8,68
Park,2019,24,15/6/2019,46,9,63
Park,2019,23,8/6/2019,54,13,69
Park,2019,22,1/6/2019,52,7,74
Park,2019,21,25/5/2019,52,11,62
Park,2019,20,18/5/2019,62,6,85
Park,2019,19,11/5/2019,68,17,94
Park,2019,18,4/5/2019,84,15,115
Park,2019,17,27/4/2019,94,8,133
Park,2019,16,20/4/2019,91,9,144
Park,2019,15,13/4/2019,109,9,164
Park,2019,14,6/4/2019,123,11,200
Park,2019,13,30/3/2019,142,22,212
Park,2019,12,23/3/2019,143,14,226
Park,2019,11,16/3/2019,152,16,255
Park,2019,10,9/3/2019,150,26,259
Park,2019,9,2/3/2019,150,18,254
Park,2019,8,23/2/2019,148,20,257
Park,2019,7,16/2/2019,153,16,267
Park,2019,6,9/2/2019,150,40,251
Park,2019,5,2/2/2019,154,29,241
Park,2019,4,26/1/2019,140,18,259
Park,2019,3,19/1/2019,135,45,241
Park,2019,2,12/1/2019,138,72,229
Park,2019,1,5/1/2019,124,33,211
Platte,2020,16,18/4/2020,91,34,130
Platte,2020,15,11/4/2020,88,40,106
Platte,2020,14,4/4/2020,87,77,72
Platte,2020,13,28/3/2020,58,44,43
Platte,2020,12,21/3/2020,41,17,38
Platte,2020,11,14/3/2020,37,6,43
Platte,2020,10,7/3/2020,,,
Platte,2020,9,29/2/2020,39,5,45
Platte,2020,8,22/2/2020,,,
Platte,2020,7,15/2/2020,43,5,53
Platte,2020,6,8/2/2020,37,6,46
Platte,2020,5,1/2/2020,37,7,41
Platte,2020,4,25/1/2020,,,
Platte,2020,3,18/1/2020,33,9,41
Platte,2020,2,11/1/2020,,,
Platte,2020,1,4/1/2020,38,5,49
Platte,2019,52,28/12/2019,34,15,33
Platte,2019,51,21/12/2019,37,7,40
Platte,2019,50,14/12/2019,31,7,32
Platte,2019,49,7/12/2019,35,7,33
Platte,2019,48,30/11/2019,28,10,24
Platte,2019,47,23/11/2019,21,6,18
Platte,2019,46,16/11/2019,23,7,18
Platte,2019,45,9/11/2019,,,
Platte,2019,44,2/11/2019,20,0,22
Platte,2019,43,26/10/2019,,,
Platte,2019,42,19/10/2019,,,
Platte,2019,41,12/10/2019,,,
Platte,2019,40,5/10/2019,27,7,25
Platte,2019,39,28/9/2019,,,
Platte,2019,38,21/9/2019,,,
Platte,2019,37,14/9/2019,24,6,22
Platte,2019,36,7/9/2019,,,
Platte,2019,35,31/8/2019,,,
Platte,2019,34,24/8/2019,,,
Platte,2019,33,17/8/2019,,,
Platte,2019,32,10/8/2019,,,
Platte,2019,31,3/8/2019,25,7,34
Platte,2019,30,27/7/2019,,,
Platte,2019,29,20/7/2019,22,0,35
Platte,2019,28,13/7/2019,26,7,37
Platte,2019,27,6/7/2019,,,
Platte,2019,26,29/6/2019,,,
Platte,2019,25,22/6/2019,25,7,33
Platte,2019,24,15/6/2019,21,7,28
Platte,2019,23,8/6/2019,20,12,22
Platte,2019,22,1/6/2019,18,10,18
Platte,2019,21,25/5/2019,11,0,15
Platte,2019,20,18/5/2019,,,
Platte,2019,19,11/5/2019,,,
Platte,2019,18,4/5/2019,,,
Platte,2019,17,27/4/2019,,,
Platte,2019,16,20/4/2019,,,
Platte,2019,15,13/4/2019,23,8,23
Platte,2019,14,6/4/2019,,,
Platte,2019,13,30/3/2019,,,
Platte,2019,12,23/3/2019,23,6,26
Platte,2019,11,16/3/2019,21,0,27
Platte,2019,10,9/3/2019,,,
Platte,2019,9,2/3/2019,,,
Platte,2019,8,23/2/2019,,,
Platte,2019,7,16/2/2019,,,
Platte,2019,6,9/2/2019,,,
Platte,2019,5,2/2/2019,,,
Platte,2019,4,26/1/2019,,,
Platte,2019,3,19/1/2019,,,
Platte,2019,2,12/1/2019,37,20,38
Platte,2019,1,5/1/2019,31,10,39
Sheridan,2020,16,18/4/2020,308,105,690
Sheridan,2020,15,11/4/2020,311,180,618
Sheridan,2020,14,4/4/2020,302,318,437
Sheridan,2020,13,28/3/2020,250,320,268
Sheridan,2020,12,21/3/2020,171,185,180
Sheridan,2020,11,14/3/2020,123,26,191
Sheridan,2020,10,7/3/2020,119,11,204
Sheridan,2020,9,29/2/2020,122,20,205
Sheridan,2020,8,22/2/2020,121,32,194
Sheridan,2020,7,15/2/2020,124,31,202
Sheridan,2020,6,8/2/2020,116,35,193
Sheridan,2020,5,1/2/2020,116,20,201
Sheridan,2020,4,25/1/2020,110,30,186
Sheridan,2020,3,18/1/2020,106,26,180
Sheridan,2020,2,11/1/2020,107,49,169
Sheridan,2020,1,4/1/2020,101,40,152
Sheridan,2019,52,28/12/2019,94,31,137
Sheridan,2019,51,21/12/2019,98,34,130
Sheridan,2019,50,14/12/2019,94,20,128
Sheridan,2019,49,7/12/2019,96,29,117
Sheridan,2019,48,30/11/2019,80,21,107
Sheridan,2019,47,23/11/2019,87,23,100
Sheridan,2019,46,16/11/2019,79,17,89
Sheridan,2019,45,9/11/2019,76,28,84
Sheridan,2019,44,2/11/2019,70,27,69
Sheridan,2019,43,26/10/2019,57,12,57
Sheridan,2019,42,19/10/2019,55,14,56
Sheridan,2019,41,12/10/2019,51,14,47
Sheridan,2019,40,5/10/2019,53,15,45
Sheridan,2019,39,28/9/2019,45,6,45
Sheridan,2019,38,21/9/2019,47,7,48
Sheridan,2019,37,14/9/2019,48,8,44
Sheridan,2019,36,7/9/2019,42,6,42
Sheridan,2019,35,31/8/2019,50,9,49
Sheridan,2019,34,24/8/2019,53,12,48
Sheridan,2019,33,17/8/2019,,,
Sheridan,2019,32,10/8/2019,44,6,55
Sheridan,2019,31,3/8/2019,,,
Sheridan,2019,30,27/7/2019,45,9,57
Sheridan,2019,29,20/7/2019,43,5,55
Sheridan,2019,28,13/7/2019,44,10,57
Sheridan,2019,27,6/7/2019,,,
Sheridan,2019,26,29/6/2019,53,5,74
Sheridan,2019,25,22/6/2019,53,12,68
Sheridan,2019,24,15/6/2019,53,13,63
Sheridan,2019,23,8/6/2019,61,14,66
Sheridan,2019,22,1/6/2019,64,13,73
Sheridan,2019,21,25/5/2019,57,12,63
Sheridan,2019,20,18/5/2019,71,18,69
Sheridan,2019,19,11/5/2019,73,10,78
Sheridan,2019,18,4/5/2019,76,13,81
Sheridan,2019,17,27/4/2019,76,10,88
Sheridan,2019,16,20/4/2019,91,10,122
Sheridan,2019,15,13/4/2019,92,5,136
Sheridan,2019,14,6/4/2019,104,10,169
Sheridan,2019,13,30/3/2019,107,7,180
Sheridan,2019,12,23/3/2019,116,9,193
Sheridan,2019,11,16/3/2019,121,22,202
Sheridan,2019,10,9/3/2019,113,13,203
Sheridan,2019,9,2/3/2019,115,19,206
Sheridan,2019,8,23/2/2019,103,13,198
Sheridan,2019,7,16/2/2019,112,20,214
Sheridan,2019,6,9/2/2019,113,28,198
Sheridan,2019,5,2/2/2019,118,27,202
Sheridan,2019,4,26/1/2019,109,31,205
Sheridan,2019,3,19/1/2019,113,31,204
Sheridan,2019,2,12/1/2019,115,70,169
Sheridan,2019,1,5/1/2019,100,37,150
Sublette,2020,16,18/4/2020,123,42,210
Sublette,2020,15,11/4/2020,117,64,170
Sublette,2020,14,4/4/2020,99,85,118
Sublette,2020,13,28/3/2020,91,78,84
Sublette,2020,12,21/3/2020,57,21,80
Sublette,2020,11,14/3/2020,52,5,86
Sublette,2020,10,7/3/2020,,,
Sublette,2020,9,29/2/2020,52,6,82
Sublette,2020,8,22/2/2020,50,12,77
Sublette,2020,7,15/2/2020,52,13,72
Sublette,2020,6,8/2/2020,51,17,68
Sublette,2020,5,1/2/2020,50,7,76
Sublette,2020,4,25/1/2020,50,5,75
Sublette,2020,3,18/1/2020,50,15,60
Sublette,2020,2,11/1/2020,42,15,52
Sublette,2020,1,4/1/2020,36,7,50
Sublette,2019,52,28/12/2019,,,
Sublette,2019,51,21/12/2019,39,6,57
Sublette,2019,50,14/12/2019,37,5,59
Sublette,2019,49,7/12/2019,41,8,58
Sublette,2019,48,30/11/2019,39,7,54
Sublette,2019,47,23/11/2019,36,6,52
Sublette,2019,46,16/11/2019,37,10,45
Sublette,2019,45,9/11/2019,34,10,41
Sublette,2019,44,2/11/2019,35,7,39
Sublette,2019,43,26/10/2019,,,
Sublette,2019,42,19/10/2019,31,6,36
Sublette,2019,41,12/10/2019,25,8,27
Sublette,2019,40,5/10/2019,27,8,25
Sublette,2019,39,28/9/2019,,,
Sublette,2019,38,21/9/2019,,,
Sublette,2019,37,14/9/2019,,,
Sublette,2019,36,7/9/2019,,,
Sublette,2019,35,31/8/2019,16,0,21
Sublette,2019,34,24/8/2019,,,
Sublette,2019,33,17/8/2019,,,
Sublette,2019,32,10/8/2019,,,
Sublette,2019,31,3/8/2019,,,
Sublette,2019,30,27/7/2019,,,
Sublette,2019,29,20/7/2019,16,0,21
Sublette,2019,28,13/7/2019,,,
Sublette,2019,27,6/7/2019,,,
Sublette,2019,26,29/6/2019,,,
Sublette,2019,25,22/6/2019,,,
Sublette,2019,24,15/6/2019,18,5,18
Sublette,2019,23,8/6/2019,,,
Sublette,2019,22,1/6/2019,23,9,18
Sublette,2019,21,25/5/2019,,,
Sublette,2019,20,18/5/2019,,,
Sublette,2019,19,11/5/2019,,,
Sublette,2019,18,4/5/2019,,,
Sublette,2019,17,27/4/2019,,,
Sublette,2019,16,20/4/2019,,,
Sublette,2019,15,13/4/2019,,,
Sublette,2019,14,6/4/2019,,,
Sublette,2019,13,30/3/2019,,,
Sublette,2019,12,23/3/2019,,,
Sublette,2019,11,16/3/2019,,,
Sublette,2019,10,9/3/2019,,,
Sublette,2019,9,2/3/2019,,,
Sublette,2019,8,23/2/2019,43,7,48
Sublette,2019,7,16/2/2019,37,5,45
Sublette,2019,6,9/2/2019,37,6,44
Sublette,2019,5,2/2/2019,,,
Sublette,2019,4,26/1/2019,36,9,52
Sublette,2019,3,19/1/2019,,,
Sublette,2019,2,12/1/2019,39,18,50
Sublette,2019,1,5/1/2019,31,7,42
Sweetwater,2020,16,18/4/2020,440,195,"1,109"
Sweetwater,2020,15,11/4/2020,429,324,891
Sweetwater,2020,14,4/4/2020,400,432,666
Sweetwater,2020,13,28/3/2020,318,342,472
Sweetwater,2020,12,21/3/2020,235,215,360
Sweetwater,2020,11,14/3/2020,190,41,369
Sweetwater,2020,10,7/3/2020,176,30,365
Sweetwater,2020,9,29/2/2020,184,42,376
Sweetwater,2020,8,22/2/2020,193,19,388
Sweetwater,2020,7,15/2/2020,192,56,396
Sweetwater,2020,6,8/2/2020,192,50,383
Sweetwater,2020,5,1/2/2020,180,48,372
Sweetwater,2020,4,25/1/2020,178,51,360
Sweetwater,2020,3,18/1/2020,168,59,335
Sweetwater,2020,2,11/1/2020,162,52,337
Sweetwater,2020,1,4/1/2020,154,47,326
Sweetwater,2019,52,28/12/2019,140,42,293
Sweetwater,2019,51,21/12/2019,143,38,316
Sweetwater,2019,50,14/12/2019,141,56,288
Sweetwater,2019,49,7/12/2019,133,61,270
Sweetwater,2019,48,30/11/2019,113,42,224
Sweetwater,2019,47,23/11/2019,113,40,211
Sweetwater,2019,46,16/11/2019,108,31,191
Sweetwater,2019,45,9/11/2019,117,56,171
Sweetwater,2019,44,2/11/2019,102,31,142
Sweetwater,2019,43,26/10/2019,99,47,114
Sweetwater,2019,42,19/10/2019,86,36,107
Sweetwater,2019,41,12/10/2019,93,21,113
Sweetwater,2019,40,5/10/2019,90,19,108
Sweetwater,2019,39,28/9/2019,83,22,100
Sweetwater,2019,38,21/9/2019,87,20,100
Sweetwater,2019,37,14/9/2019,84,17,99
Sweetwater,2019,36,7/9/2019,80,14,93
Sweetwater,2019,35,31/8/2019,77,17,83
Sweetwater,2019,34,24/8/2019,83,16,97
Sweetwater,2019,33,17/8/2019,85,16,99
Sweetwater,2019,32,10/8/2019,80,15,103
Sweetwater,2019,31,3/8/2019,84,15,103
Sweetwater,2019,30,27/7/2019,84,7,113
Sweetwater,2019,29,20/7/2019,89,11,113
Sweetwater,2019,28,13/7/2019,94,11,125
Sweetwater,2019,27,6/7/2019,90,9,113
Sweetwater,2019,26,29/6/2019,99,16,125
Sweetwater,2019,25,22/6/2019,100,16,122
Sweetwater,2019,24,15/6/2019,94,15,118
Sweetwater,2019,23,8/6/2019,104,16,131
Sweetwater,2019,22,1/6/2019,104,25,127
Sweetwater,2019,21,25/5/2019,89,8,98
Sweetwater,2019,20,18/5/2019,112,12,135
Sweetwater,2019,19,11/5/2019,122,22,153
Sweetwater,2019,18,4/5/2019,121,18,170
Sweetwater,2019,17,27/4/2019,126,17,189
Sweetwater,2019,16,20/4/2019,140,27,200
Sweetwater,2019,15,13/4/2019,132,24,193
Sweetwater,2019,14,6/4/2019,142,16,215
Sweetwater,2019,13,30/3/2019,137,20,225
Sweetwater,2019,12,23/3/2019,134,13,228
Sweetwater,2019,11,16/3/2019,142,20,252
Sweetwater,2019,10,9/3/2019,137,19,246
Sweetwater,2019,9,2/3/2019,140,26,250
Sweetwater,2019,8,23/2/2019,133,17,253
Sweetwater,2019,7,16/2/2019,138,18,262
Sweetwater,2019,6,9/2/2019,148,28,278
Sweetwater,2019,5,2/2/2019,144,31,276
Sweetwater,2019,4,26/1/2019,149,48,266
Sweetwater,2019,3,19/1/2019,141,40,255
Sweetwater,2019,2,12/1/2019,147,65,248
Sweetwater,2019,1,5/1/2019,135,32,235
Teton,2020,16,18/4/2020,397,247,"1,503"
Teton,2020,15,11/4/2020,397,474,"1,255"
Teton,2020,14,4/4/2020,375,552,915
Teton,2020,13,28/3/2020,290,648,504
Teton,2020,12,21/3/2020,179,696,83
Teton,2020,11,14/3/2020,59,12,75
Teton,2020,10,7/3/2020,61,14,76
Teton,2020,9,29/2/2020,57,5,72
Teton,2020,8,22/2/2020,60,10,75
Teton,2020,7,15/2/2020,64,12,82
Teton,2020,6,8/2/2020,54,6,80
Teton,2020,5,1/2/2020,62,12,89
Teton,2020,4,25/1/2020,61,10,89
Teton,2020,3,18/1/2020,59,22,83
Teton,2020,2,11/1/2020,54,15,80
Teton,2020,1,4/1/2020,55,18,70
Teton,2019,52,28/12/2019,51,8,76
Teton,2019,51,21/12/2019,67,7,113
Teton,2019,50,14/12/2019,72,12,166
Teton,2019,49,7/12/2019,89,16,228
Teton,2019,48,30/11/2019,93,13,288
Teton,2019,47,23/11/2019,97,21,308
Teton,2019,46,16/11/2019,99,34,295
Teton,2019,45,9/11/2019,91,101,225
Teton,2019,44,2/11/2019,79,102,153
Teton,2019,43,26/10/2019,72,62,112
Teton,2019,42,19/10/2019,63,52,82
Teton,2019,41,12/10/2019,53,49,54
Teton,2019,40,5/10/2019,41,20,48
Teton,2019,39,28/9/2019,36,13,39
Teton,2019,38,21/9/2019,30,13,29
Teton,2019,37,14/9/2019,31,11,27
Teton,2019,36,7/9/2019,27,6,28
Teton,2019,35,31/8/2019,26,5,24
Teton,2019,34,24/8/2019,27,5,24
Teton,2019,33,17/8/2019,,,
Teton,2019,32,10/8/2019,25,5,22
Teton,2019,31,3/8/2019,,,
Teton,2019,30,27/7/2019,,,
Teton,2019,29,20/7/2019,,,
Teton,2019,28,13/7/2019,,,
Teton,2019,27,6/7/2019,,,
Teton,2019,26,29/6/2019,31,6,34
Teton,2019,25,22/6/2019,,,
Teton,2019,24,15/6/2019,,,
Teton,2019,23,8/6/2019,,,
Teton,2019,22,1/6/2019,,,
Teton,2019,21,25/5/2019,,,
Teton,2019,20,18/5/2019,75,5,198
Teton,2019,19,11/5/2019,89,9,282
Teton,2019,18,4/5/2019,98,27,309
Teton,2019,17,27/4/2019,98,31,300
Teton,2019,16,20/4/2019,98,70,263
Teton,2019,15,13/4/2019,91,193,133
Teton,2019,14,6/4/2019,73,74,86
Teton,2019,13,30/3/2019,60,18,78
Teton,2019,12,23/3/2019,60,24,62
Teton,2019,11,16/3/2019,51,11,60
Teton,2019,10,9/3/2019,48,6,66
Teton,2019,9,2/3/2019,57,10,69
Teton,2019,8,23/2/2019,49,6,69
Teton,2019,7,16/2/2019,,,
Teton,2019,6,9/2/2019,59,8,78
Teton,2019,5,2/2/2019,52,9,81
Teton,2019,4,26/1/2019,58,14,101
Teton,2019,3,19/1/2019,58,22,92
Teton,2019,2,12/1/2019,57,39,82
Teton,2019,1,5/1/2019,57,11,84
Uinta,2020,16,18/4/2020,193,77,355
Uinta,2020,15,11/4/2020,185,104,306
Uinta,2020,14,4/4/2020,167,147,205
Uinta,2020,13,28/3/2020,138,148,131
Uinta,2020,12,21/3/2020,99,71,97
Uinta,2020,11,14/3/2020,71,10,96
Uinta,2020,10,7/3/2020,78,17,94
Uinta,2020,9,29/2/2020,78,16,92
Uinta,2020,8,22/2/2020,70,7,96
Uinta,2020,7,15/2/2020,78,16,103
Uinta,2020,6,8/2/2020,69,8,98
Uinta,2020,5,1/2/2020,76,11,102
Uinta,2020,4,25/1/2020,73,10,100
Uinta,2020,3,18/1/2020,74,17,92
Uinta,2020,2,11/1/2020,74,14,93
Uinta,2020,1,4/1/2020,75,23,88
Uinta,2019,52,28/12/2019,61,13,72
Uinta,2019,51,21/12/2019,62,21,68
Uinta,2019,50,14/12/2019,63,16,71
Uinta,2019,49,7/12/2019,56,9,70
Uinta,2019,48,30/11/2019,50,8,64
Uinta,2019,47,23/11/2019,49,20,50
Uinta,2019,46,16/11/2019,,,
Uinta,2019,45,9/11/2019,48,11,52
Uinta,2019,44,2/11/2019,43,18,39
Uinta,2019,43,26/10/2019,28,5,32
Uinta,2019,42,19/10/2019,,,
Uinta,2019,41,12/10/2019,40,10,47
Uinta,2019,40,5/10/2019,36,5,42
Uinta,2019,39,28/9/2019,40,10,42
Uinta,2019,38,21/9/2019,33,6,38
Uinta,2019,37,14/9/2019,35,7,40
Uinta,2019,36,7/9/2019,,,
Uinta,2019,35,31/8/2019,33,8,37
Uinta,2019,34,24/8/2019,33,7,39
Uinta,2019,33,17/8/2019,33,12,36
Uinta,2019,32,10/8/2019,,,
Uinta,2019,31,3/8/2019,33,7,38
Uinta,2019,30,27/7/2019,,,
Uinta,2019,29,20/7/2019,32,7,40
Uinta,2019,28,13/7/2019,25,6,34
Uinta,2019,27,6/7/2019,28,5,37
Uinta,2019,26,29/6/2019,33,8,43
Uinta,2019,25,22/6/2019,29,7,40
Uinta,2019,24,15/6/2019,36,5,40
Uinta,2019,23,8/6/2019,37,9,46
Uinta,2019,22,1/6/2019,41,8,43
Uinta,2019,21,25/5/2019,28,0,36
Uinta,2019,20,18/5/2019,,,
Uinta,2019,19,11/5/2019,,,
Uinta,2019,18,4/5/2019,50,9,60
Uinta,2019,17,27/4/2019,50,7,66
Uinta,2019,16,20/4/2019,55,10,74
Uinta,2019,15,13/4/2019,50,10,66
Uinta,2019,14,6/4/2019,54,13,67
Uinta,2019,13,30/3/2019,56,7,71
Uinta,2019,12,23/3/2019,59,6,76
Uinta,2019,11,16/3/2019,63,13,77
Uinta,2019,10,9/3/2019,60,9,79
Uinta,2019,9,2/3/2019,58,10,76
Uinta,2019,8,23/2/2019,59,6,77
Uinta,2019,7,16/2/2019,51,5,75
Uinta,2019,6,9/2/2019,53,15,66
Uinta,2019,5,2/2/2019,56,17,71
Uinta,2019,4,26/1/2019,59,11,72
Uinta,2019,3,19/1/2019,56,10,73
Uinta,2019,2,12/1/2019,57,21,64
Uinta,2019,1,5/1/2019,57,10,72
Washakie,2020,16,18/4/2020,80,23,140
Washakie,2020,15,11/4/2020,76,38,112
Washakie,2020,14,4/4/2020,66,65,81
Washakie,2020,13,28/3/2020,53,48,63
Washakie,2020,12,21/3/2020,35,18,60
Washakie,2020,11,14/3/2020,32,8,64
Washakie,2020,10,7/3/2020,31,11,62
Washakie,2020,9,29/2/2020,33,15,58
Washakie,2020,8,22/2/2020,33,6,57
Washakie,2020,7,15/2/2020,37,10,58
Washakie,2020,6,8/2/2020,35,14,49
Washakie,2020,5,1/2/2020,33,5,45
Washakie,2020,4,25/1/2020,31,9,41
Washakie,2020,3,18/1/2020,30,8,45
Washakie,2020,2,11/1/2020,29,5,43
Washakie,2020,1,4/1/2020,30,8,41
Washakie,2019,52,28/12/2019,27,5,33
Washakie,2019,51,21/12/2019,30,6,39
Washakie,2019,50,14/12/2019,28,7,32
Washakie,2019,49,7/12/2019,23,6,29
Washakie,2019,48,30/11/2019,21,6,26
Washakie,2019,47,23/11/2019,18,6,19
Washakie,2019,46,16/11/2019,17,9,15
Washakie,2019,45,9/11/2019,,,
Washakie,2019,44,2/11/2019,11,5,11
Washakie,2019,43,26/10/2019,,,
Washakie,2019,42,19/10/2019,,,
Washakie,2019,41,12/10/2019,,,
Washakie,2019,40,5/10/2019,14,6,15
Washakie,2019,39,28/9/2019,,,
Washakie,2019,38,21/9/2019,15,14,11
Washakie,2019,37,14/9/2019,,,
Washakie,2019,36,7/9/2019,,,
Washakie,2019,35,31/8/2019,,,
Washakie,2019,34,24/8/2019,,,
Washakie,2019,33,17/8/2019,,,
Washakie,2019,32,10/8/2019,,,
Washakie,2019,31,3/8/2019,15,0,23
Washakie,2019,30,27/7/2019,18,0,26
Washakie,2019,29,20/7/2019,,,
Washakie,2019,28,13/7/2019,19,8,24
Washakie,2019,27,6/7/2019,,,
Washakie,2019,26,29/6/2019,13,0,27
Washakie,2019,25,22/6/2019,,,
Washakie,2019,24,15/6/2019,20,7,32
Washakie,2019,23,8/6/2019,17,7,28
Washakie,2019,22,1/6/2019,,,
Washakie,2019,21,25/5/2019,,,
Washakie,2019,20,18/5/2019,18,0,36
Washakie,2019,19,11/5/2019,,,
Washakie,2019,18,4/5/2019,,,
Washakie,2019,17,27/4/2019,19,0,41
Washakie,2019,16,20/4/2019,,,
Washakie,2019,15,13/4/2019,22,7,45
Washakie,2019,14,6/4/2019,,,
Washakie,2019,13,30/3/2019,,,
Washakie,2019,12,23/3/2019,30,7,62
Washakie,2019,11,16/3/2019,,,
Washakie,2019,10,9/3/2019,33,5,61
Washakie,2019,9,2/3/2019,36,12,57
Washakie,2019,8,23/2/2019,33,10,54
Washakie,2019,7,16/2/2019,35,11,47
Washakie,2019,6,9/2/2019,35,7,49
Washakie,2019,5,2/2/2019,37,7,51
Washakie,2019,4,26/1/2019,34,7,55
Washakie,2019,3,19/1/2019,35,11,55
Washakie,2019,2,12/1/2019,30,15,48
Washakie,2019,1,5/1/2019,,,
Weston,2020,16,18/4/2020,48,11,101
Weston,2020,15,11/4/2020,56,42,84
Weston,2020,14,4/4/2020,46,35,72
Weston,2020,13,28/3/2020,,,
Weston,2020,12,21/3/2020,27,30,28
Weston,2020,11,14/3/2020,21,9,28
Weston,2020,10,7/3/2020,,,
Weston,2020,9,29/2/2020,,,
Weston,2020,8,22/2/2020,,,
Weston,2020,7,15/2/2020,21,6,29
Weston,2020,6,8/2/2020,22,6,25
Weston,2020,5,1/2/2020,20,6,24
Weston,2020,4,25/1/2020,21,7,23
Weston,2020,3,18/1/2020,,,
Weston,2020,2,11/1/2020,18,6,18
Weston,2020,1,4/1/2020,17,7,15
Weston,2019,52,28/12/2019,,,
Weston,2019,51,21/12/2019,,,
Weston,2019,50,14/12/2019,,,
Weston,2019,49,7/12/2019,,,
Weston,2019,48,30/11/2019,,,
Weston,2019,47,23/11/2019,,,
Weston,2019,46,16/11/2019,,,
Weston,2019,45,9/11/2019,,,
Weston,2019,44,2/11/2019,,,
Weston,2019,43,26/10/2019,,,
Weston,2019,42,19/10/2019,,,
Weston,2019,41,12/10/2019,,,
Weston,2019,40,5/10/2019,,,
Weston,2019,39,28/9/2019,,,
Weston,2019,38,21/9/2019,8,0,8
Weston,2019,37,14/9/2019,9,0,9
Weston,2019,36,7/9/2019,,,
Weston,2019,35,31/8/2019,,,
Weston,2019,34,24/8/2019,,,
Weston,2019,33,17/8/2019,,,
Weston,2019,32,10/8/2019,,,
Weston,2019,31,3/8/2019,,,
Weston,2019,30,27/7/2019,,,
Weston,2019,29,20/7/2019,,,
Weston,2019,28,13/7/2019,,,
Weston,2019,27,6/7/2019,,,
Weston,2019,26,29/6/2019,,,
Weston,2019,25,22/6/2019,11,0,12
Weston,2019,24,15/6/2019,,,
Weston,2019,23,8/6/2019,,,
Weston,2019,22,1/6/2019,,,
Weston,2019,21,25/5/2019,,,
Weston,2019,20,18/5/2019,12,0,15
Weston,2019,19,11/5/2019,,,
Weston,2019,18,4/5/2019,,,
Weston,2019,17,27/4/2019,,,
Weston,2019,16,20/4/2019,,,
Weston,2019,15,13/4/2019,,,
Weston,2019,14,6/4/2019,,,
Weston,2019,13,30/3/2019,,,
Weston,2019,12,23/3/2019,26,6,31
Weston,2019,11,16/3/2019,,,
Weston,2019,10,9/3/2019,,,
Weston,2019,9,2/3/2019,,,
Weston,2019,8,23/2/2019,,,
Weston,2019,7,16/2/2019,,,
Weston,2019,6,9/2/2019,,,
Weston,2019,5,2/2/2019,24,6,22
Weston,2019,4,26/1/2019,,,
Weston,2019,3,19/1/2019,,,
Weston,2019,2,12/1/2019,20,6,18
Weston,2019,1,5/1/2019,,,
zOther State,2020,16,18/4/2020,668,461,"2,116"
zOther State,2020,15,11/4/2020,655,764,"1,724"
zOther State,2020,14,4/4/2020,594,672,"1,391"
zOther State,2020,13,28/3/2020,486,670,"1,017"
zOther State,2020,12,21/3/2020,355,434,831
zOther State,2020,11,14/3/2020,274,122,794
zOther State,2020,10,7/3/2020,283,144,805
zOther State,2020,9,29/2/2020,279,85,797
zOther State,2020,8,22/2/2020,275,63,826
zOther State,2020,7,15/2/2020,273,75,854
zOther State,2020,6,8/2/2020,271,86,856
zOther State,2020,5,1/2/2020,285,85,862
zOther State,2020,4,25/1/2020,283,84,867
zOther State,2020,3,18/1/2020,285,113,877
zOther State,2020,2,11/1/2020,266,167,870
zOther State,2020,1,4/1/2020,261,93,854
zOther State,2019,52,28/12/2019,260,103,812
zOther State,2019,51,21/12/2019,261,123,836
zOther State,2019,50,14/12/2019,267,133,870
zOther State,2019,49,7/12/2019,259,146,859
zOther State,2019,48,30/11/2019,250,105,811
zOther State,2019,47,23/11/2019,236,145,768
zOther State,2019,46,16/11/2019,223,146,678
zOther State,2019,45,9/11/2019,232,214,612
zOther State,2019,44,2/11/2019,208,184,532
zOther State,2019,43,26/10/2019,175,116,445
zOther State,2019,42,19/10/2019,179,192,386
zOther State,2019,41,12/10/2019,180,171,348
zOther State,2019,40,5/10/2019,166,117,311
zOther State,2019,39,28/9/2019,163,57,298
zOther State,2019,38,21/9/2019,156,51,285
zOther State,2019,37,14/9/2019,144,41,287
zOther State,2019,36,7/9/2019,149,35,310
zOther State,2019,35,31/8/2019,141,34,312
zOther State,2019,34,24/8/2019,150,33,317
zOther State,2019,33,17/8/2019,144,25,317
zOther State,2019,32,10/8/2019,142,23,335
zOther State,2019,31,3/8/2019,150,31,336
zOther State,2019,30,27/7/2019,151,32,352
zOther State,2019,29,20/7/2019,149,44,355
zOther State,2019,28,13/7/2019,153,48,375
zOther State,2019,27,6/7/2019,153,38,359
zOther State,2019,26,29/6/2019,157,54,345
zOther State,2019,25,22/6/2019,142,52,314
zOther State,2019,24,15/6/2019,149,60,323
zOther State,2019,23,8/6/2019,150,57,324
zOther State,2019,22,1/6/2019,157,72,321
zOther State,2019,21,25/5/2019,124,45,234
zOther State,2019,20,18/5/2019,153,30,334
zOther State,2019,19,11/5/2019,168,45,377
zOther State,2019,18,4/5/2019,179,57,418
zOther State,2019,17,27/4/2019,195,61,434
zOther State,2019,16,20/4/2019,193,62,452
zOther State,2019,15,13/4/2019,197,113,444
zOther State,2019,14,6/4/2019,192,46,507
zOther State,2019,13,30/3/2019,191,47,514
zOther State,2019,12,23/3/2019,202,50,534
zOther State,2019,11,16/3/2019,209,47,553
zOther State,2019,10,9/3/2019,218,87,541
zOther State,2019,9,2/3/2019,216,36,579
zOther State,2019,8,23/2/2019,220,29,609
zOther State,2019,7,16/2/2019,223,50,619
zOther State,2019,6,9/2/2019,225,60,631
zOther State,2019,5,2/2/2019,233,57,674
zOther State,2019,4,26/1/2019,246,56,735
zOther State,2019,3,19/1/2019,237,83,729
zOther State,2019,2,12/1/2019,259,161,672
zOther State,2019,1,5/1/2019,231,86,659
,,,,,,
Note: Blank cells indicate counts of zero or counts that were nondiscloseable due to confidentiality. ,,,,,,
"Prepared by T. Glover, Research & Planning, WY DWS, 04/16/20. ",,,,,,
